{"cameraMode":{"drawMode":0,"name":"Shaded","section":"Shading Mode"},"sceneLighting":false,"audioPlay":false,"sceneViewState":{"showFog":true,"showMaterialUpdate":false,"showSkybox":false,"showFlares":true,"showImageEffects":true,"showParticleSystems":true},"in2DMode":false,"pivot":{"x":0.8556225299835205,"y":1.8940837383270264,"z":-6.8701348304748539},"rotation":{"x":-0.079624705016613,"y":0.7024028301239014,"z":-0.07957448810338974,"w":-0.7028247117996216},"size":0.8660253882408142,"orthographic":true}