{"cameraMode":{"drawMode":0,"name":"Shaded","section":"Shading Mode"},"sceneLighting":false,"audioPlay":false,"sceneViewState":{"showFog":true,"showMaterialUpdate":false,"showSkybox":false,"showFlares":true,"showImageEffects":true,"showParticleSystems":true},"in2DMode":false,"pivot":{"x":2.2807865142822267,"y":-0.3012254238128662,"z":-6.086175918579102},"rotation":{"x":-0.09018396586179733,"y":0.008064128458499909,"z":-0.0007295934483408928,"w":-0.9958932995796204},"size":0.7071067690849304,"orthographic":true}